{
  "name": "FOREX AUTO TRADING SKILL",
  "version": "1.0.0",
  "description": "Complete automated forex trading system for XAU/USD (gold) with real-time analysis, full-auto execution, and CRON scheduling. Includes manual trade checking, full-auto execution with 8 safety conditions, circuit breaker protection, profit threshold logic, and CRON scheduling for 6,361 runs per week.",
  "author": "Kanutsanan Pongpanna",
  "license": "MIT",
  "keywords": ["forex", "trading", "xauusd", "gold", "metaapi", "automated"],
  "repository": {
    "type": "git",
    "url": "https://github.com/clawhub/iris-forex-trading"
  },
  "dependencies": {
    "metaapi.cloud-sdk": "latest"
  },
  "structure": {
    "SKILL.md": "Main guide and quick start",
    "scripts/": "Executable code templates",
    "references/": "Detailed documentation",
    "assets/": "Configuration templates"
  },
  "setup": {
    "time": "5 minutes",
    "requires": ["Node.js", "npm", "MetaApi account"],
    "steps": [
      "npm install metaapi.cloud-sdk",
      "Copy assets/config-template.env to .env",
      "Edit .env with your Account ID and API Key",
      "Run: source .env && node scripts/iris-trade-check-template.js"
    ]
  },
  "security": {
    "credentials": "Environment variables ONLY (no hardcoding)",
    "privacy": "No personal data included",
    "validation": "All API data from MetaApi (no external sources)"
  },
  "features": {
    "manual_check": "On-demand trade analysis (STEP 0-10)",
    "full_auto": "Automated execution via CRON (PHASE 1-3B)",
    "cron_scheduling": "Every 1 minute (6,361 runs/week)",
    "profit_threshold": "Close + Create new if P&L >= ±2%",
    "position_management": "One trade at a time with monitoring",
    "circuit_breaker": "-20% daily loss limit (auto protection)",
    "risk_management": "2% risk per trade, dynamic SL/TP"
  },
  "documentation": {
    "SKILL.md": "Quick start and overview",
    "STEP-0-10-GUIDE.md": "Detailed step-by-step explanation",
    "PHASE-2-3-CONDITIONS.md": "Full-auto conditions and execution",
    "CRON-SCHEDULING.md": "Timing and scheduling details"
  }
}
